video_id,channel_name,title,published_at,view_count,like_count,comment_count,clickbait_score,clickbait_level,engagement_rate_%
ZLbZ07YfAAw,Konopskyy,"OGROMNA AFERA ""NIE WIEM ALE SIE DOWIEM"" (KSIĄŻULO, MOKRY SUCHAR, JINNYTTY)",2026-05-16T12:00:58Z,1061651,30140,2387,9,3. Wysoka manipulacja algorytmiczna,2.84
0T836pNbEtk,Konopskyy,"LEWANDOWSKI NA KACU SZOKUJE ŚWIAT (AKTA UFO, PAJĄCZKOWSKA, SZCZĘSNY, HONDIUS, BOJKOT EUROWIZJI)",2026-05-14T12:25:58Z,922491,25003,716,4,2. Lekki marketing newsowy,2.71
PtHByNZhxgs,Konopskyy,"ODTAJNIONE AKTA UFO SZOKUJĄ ŚWIAT (HANTAWIRUS, WARDĘGA, STUU, CHAJZER, NARCYZ, LIST EPSTEINA)",2026-05-09T13:56:57Z,996824,28339,979,4,2. Lekki marketing newsowy,2.84
cfoOBxKprHU,Konopskyy,"FRIZ TŁUMACZY SIE Z AFERY PODATKOWEJ (STANOWSKI, MATURA 2026, POLSAT, PASUT, TRUMP)",2026-05-06T11:39:19Z,900664,26816,767,10,4. Skrajny clickbait sensacyjny,2.98
fbBCNKXvJHw,Konopskyy,"OGROMNA BURZA WOKÓŁ NASTOLETNIEJ ""NAUKOWCZYNI""? (ŁATWOGANG, GARGAMEL, BEDOES, MRBEAST, WIECZOREK)",2026-04-30T15:12:16Z,1089969,29861,879,7,3. Wysoka manipulacja algorytmiczna,2.74
5zc5orolQXc,Konopskyy,"ŁATWOGANG POBIŁ REKORD ŚWIATA (CANCER FIGHTERS, BEDOES, ŻURNALISTA, LITEWKA, WARDĘGA)",2026-04-27T08:48:29Z,1139402,40602,1328,4,2. Lekki marketing newsowy,3.56
t-UEYwHD14s,Konopskyy,"LEGANDARNA AKCJA ŁATWOGANGA (INFLUENCER VS BEZROBOTNI, BEDOES, ZONDA, STANOWSKI, PUDZIAN)",2026-04-22T15:39:52Z,1050136,27254,1073,6,3. Wysoka manipulacja algorytmiczna,2.6
6S9z0ICYzQw,Konopskyy,"BURZA WOKÓŁ PAWŁA ""DLA PIENIĘDZY"" (GESSLER, TOR POZNAŃ, BYSTRZYCA, BERKOWICZ, KSIĄŻULO)",2026-04-17T15:51:43Z,1042566,25011,1280,4,2. Lekki marketing newsowy,2.4
f_Be52dk9bQ,Konopskyy,"NIEJEDNOZNACZNA BYSTRZYCKA STRZELANINA (BEDOES, OKI, BUDDA, BOXDEL, TRUMP, ORBAN, IRAN)",2026-04-14T15:24:31Z,1147440,28361,1616,8,3. Wysoka manipulacja algorytmiczna,2.47
CskkToM0Btc,Konopskyy,"SZOKUJĄCE ZEZNANIA MELANI TRUMP O EPSTEINE? (IRAN, DODA, OKI, KINNY ZIMMER, JD)",2026-04-11T12:43:03Z,939034,26370,995,7,3. Wysoka manipulacja algorytmiczna,2.81
oE8x_lE1rZc,Konopskyy,"GROŹBY TRUMPA WSTRZĄSNĘŁY ŚWIATEM (KSIĄŻULO, GESSLER, NAWROCKI, AFERA ZONDACRYPTO)",2026-04-08T17:32:30Z,1258799,27149,790,9,3. Wysoka manipulacja algorytmiczna,2.16
E18H_-ZCPrw,Konopskyy,"DIS ZNOWU ZOSTAŁ POŚMIEWISKIEM INTERNETU? (KSIĄŻULO, TRUMP, JD, GONCIARZ, IRAN, NATO, WARDĘGA)",2026-04-03T17:56:59Z,1178614,34494,1881,7,3. Wysoka manipulacja algorytmiczna,2.93
SMGL0Vi_6p4,Konopskyy,"BANDYCTWO MA SIE DOBRZE W MEDIACH (PRIME MMA, STANOWSKI, WOJEWÓDZKI, KANAŁ ZERO, GENZIE, KRUSZYNKA)",2026-03-31T15:47:51Z,1077437,27079,1221,4,2. Lekki marketing newsowy,2.51
bkd61tS2f8g,Konopskyy,"STANOWSKI Z OLBRZYMIM POZWEM? (ATAK NA KSIĄZULA, ŻURNALISTA, DIOZ, META, GOLA, KANAŁ ZERO)",2026-03-28T16:30:08Z,922331,23883,862,5,2. Lekki marketing newsowy,2.59
AQ_2ZuwAj_8,Konopskyy,"PRZEŁOMOWE NAGRANIE Z NOCY ŚMIERCI EPSTEINA? (WOJEWÓDZKI, STANOWSKI, GENZIE, NAWROCKI, TRUMP, IRAN)",2026-03-25T16:33:45Z,1396571,33964,1190,7,3. Wysoka manipulacja algorytmiczna,2.43
b03jB2TIhWs,Konopskyy,"INFLEUNCERZY WCISNĘLI WIDZOM CHIŃSKI CHŁAM? (KASIX, DRESSCODE, IRAN, IZRAEL, CHUCK NORRIS, TRUMP)",2026-03-22T16:00:06Z,994334,27403,835,7,3. Wysoka manipulacja algorytmiczna,2.76
arYfCXZCjIY,Konopskyy,"POLSAT ZŁOMUJE KRÓLA PATOSTREAMERÓW (TRUMP, IRAN, IZRAEL, MAGICAL, BUNGEE AJEMGE, LEWANDOWSKI)",2026-03-18T16:09:16Z,1029996,28438,944,7,3. Wysoka manipulacja algorytmiczna,2.76
eE_HibDPUtE,Konopskyy,"WOJEWÓDZKI POTĘŻNIE WYBIELA DUBIELA? (ŻURNALISTA, EPSTEIN, TRUMP, NETANYAHU, IZRAEL, IRAN)",2026-03-16T14:25:34Z,1100325,28572,823,7,3. Wysoka manipulacja algorytmiczna,2.6
4GiG4l06x0Q,Konopskyy,"TRUMP OGŁASZA ZWYCIĘSTWO Z IRANEM (ŻURNALISTA, BOXDEL, TYLER OLIVEIRA, FAZOWSKI)",2026-03-10T18:58:49Z,1055597,29723,1037,8,3. Wysoka manipulacja algorytmiczna,2.82
9d18P8euy0Y,Konopskyy,"CAŁA PRAWDA O ŻURNALIŚCIE (TRUMP, IRAN, EPSTEIN, WARDĘGA, CLINTON)",2026-03-06T17:11:26Z,1256761,31834,1114,9,3. Wysoka manipulacja algorytmiczna,2.53
tyWCecC2dgc,Konopskyy,"KEBABOWNIA DOJEŻDŻA KSIĄŻULA (IRAN VS USA I IZRAEL, KSIĄŻULO, MRBEAST, JAWOR, ANDZIAKS, TRUMP)",2026-03-03T18:35:15Z,1233680,32748,1424,8,3. Wysoka manipulacja algorytmiczna,2.65
7CqBWTizO-U,Konopskyy,"BESTIA ZE KADŁUBA ZOSTAWIŁA PO SOBIE WIADOMOŚĆ... (17-STO LATEK, EPSTEIN, BILL GATES, KSIĄŻULO)",2026-02-28T17:39:55Z,1056797,29766,2000,4,2. Lekki marketing newsowy,2.82
_6SVgAnehVo,Konopskyy,"STANOWSKI POGRĄŻANY NA ZLECENIE? (EPSTEIN, MEKSYK, EL MENCHO, ZUCKERBERG, KANAŁ ZERO)",2026-02-24T18:29:41Z,1032802,28546,941,5,2. Lekki marketing newsowy,2.76
_VA7sG5TB6Q,Konopskyy,"SZOKUJĄCE ARESZTOWANIE W SPRAWIE EPSTEINA (BUDDA, PROFESOR CHRIS, STANOWSKI, KANAŁ ZERO)",2026-02-20T14:04:18Z,1133359,29418,1000,4,2. Lekki marketing newsowy,2.6
iWybKxs3mM4,Konopskyy,"SPRAWA EPSTEINA CORAZ BARDZIEJ SIE POGARSZA (PROFESOR CHRIS, KSIĄŻULO, GRANDE CONNECTION)",2026-02-13T18:17:24Z,1101402,31347,1198,4,2. Lekki marketing newsowy,2.85
2POEbUwdOis,Konopskyy,"GRANDE CONNECTION POWAŻNIE PRZEŚLADOWANY (EPSTEIN, STANOWSKI, KANAŁ ZERO, TRUMP, ZUCKERBERG)",2026-02-09T18:39:40Z,1121762,31787,2073,6,3. Wysoka manipulacja algorytmiczna,2.83
nuMKj_vw76k,Konopskyy,"OGROMNE KONSEKWENCJE Z NOWYCH AKT EPSTEINA? (TRUMP, GATES, DUBIEL, WARDĘGA, GOLA)",2026-02-05T17:25:27Z,1080208,34187,1459,9,3. Wysoka manipulacja algorytmiczna,3.16
5o3rfsFWQ3g,Konopskyy,"BUNGEE POWAŻNIE OSKARŻONE PRZEZ PROKURATURE? (AKTA EPSTEINA, BANDURA, DZINOLD, TRUMP, MUSK)",2026-02-01T17:57:02Z,1135658,32854,1237,7,3. Wysoka manipulacja algorytmiczna,2.89
_zA1MRTodko,Konopskyy,"KOLEJNE ŻAŁOSNE ARESZTOWANIA INFLUENCERÓW? (BUNGEE, DZINOLD, BANDURA, MERGHANI, STUU, KANYE WEST)",2026-01-29T12:34:55Z,949745,29567,922,5,2. Lekki marketing newsowy,3.11
Zx85tsO_ro8,Konopskyy,"GRANDE CONNECTION BRUTALNIE ZDEMASKOWANY? (DODA, STANOWSKI, EPSTEIN, TATE, FUENTES, FAME MMA)",2026-01-25T15:04:04Z,966156,27480,1405,5,2. Lekki marketing newsowy,2.84
HDJUxHQPK_I,Konopskyy,"DODA OBNAŻA POLSKIE PATO-SCHRONISKA? (STANOWSKI, BUDDA, WARDĘGA, ELON MUSK, ZŁOTE ANTOSIE)",2026-01-20T17:27:45Z,838260,26647,956,6,3. Wysoka manipulacja algorytmiczna,3.18
VlsQ-8Tux_M,Konopskyy,"KOMPROMITUJĄCY UPADEK MINIONKÓW FRIZA? (DONALD TRUMP, IRAN, BAN SOCIAL MEDIÓW DLA 15-STO LATKÓW)",2026-01-15T14:23:54Z,885445,29345,1049,7,3. Wysoka manipulacja algorytmiczna,3.31
Sh__eekpJM0,Konopskyy,"KSIĄŻULO ZALICZYŁ ODKLEJKE? (ŻURNALISTA KŁAMIE, WENEZUELA, DONALD TRUMP)",2026-01-07T16:56:42Z,960323,31511,1289,7,3. Wysoka manipulacja algorytmiczna,3.28
sPHZq4SbGHY,Konopskyy,"BUDDA OSKARŻONY O KABLOWANIE? (TRUMP, WENEZUELA, ELON MUSK, JOSE KOLEKCJONER, ANTHONY JOSHUA)",2026-01-03T17:29:49Z,818560,28739,1132,7,3. Wysoka manipulacja algorytmiczna,3.51
h8IUEAzU9dc,Konopskyy,"ŻENUJĄCY WYWIAD KANAŁU ZERO? (BUDDA, STANOWSKI, EPSTEIN NOWE AKTA, VIKI GABOR, MRBEAST)",2025-12-29T18:46:43Z,987160,30504,1169,5,2. Lekki marketing newsowy,3.09
8bge1_pey74,Konopskyy,"AKTA EPSTEINA TO NIEŚMIESZNY ŻART (BUDDA, TRUMP, MATA, FAGATA, JAKE PAUL)",2025-12-21T12:40:56Z,977475,30402,1359,6,3. Wysoka manipulacja algorytmiczna,3.11
SustKAPZLP8,Konopskyy,"BUDDA WRACA I NACIĄGA WIDZÓW? (WK DZIK, DUBIEL, WARDĘGA, ZEN, KANAŁ ZERO, TRUMP)",2025-12-14T17:43:45Z,807042,26074,1111,7,3. Wysoka manipulacja algorytmiczna,3.23
3Xeivrl3R8E,Konopskyy,"SAMSUNGOWA ODKLEJKA WERSOW? (STANOWSKI, JANOSZEK, KASIX, WARDĘGA, DIDDY, MATA)",2025-12-11T19:40:17Z,756819,23307,964,7,3. Wysoka manipulacja algorytmiczna,3.08
8Pi5gSlzBP8,Konopskyy,"STUU PRZEGRYWA W SĄDZIE? (WARDĘGA, MRBEAST, STANOWSKI, OLGA MALINKIEWICZ)",2025-12-03T18:40:36Z,840212,28298,833,5,2. Lekki marketing newsowy,3.37
FF0Kj4x8PhQ,Konopskyy,"ODKLEJKA MINIONKÓW FRIZA (STANOWSKI, WYSOCKA SZNEPF, DENIS ZAŁĘCKI, FAZA, MAFIA HAZARDOWA)",2025-11-29T15:31:24Z,879145,27113,1061,6,3. Wysoka manipulacja algorytmiczna,3.08
a7VJwcW_dmQ,Konopskyy,"MAFIA HAZARDOWA ROZBITA? (BOXDEL, MARCOŃ, ADRIAN POLAK, TRUMP, EPSTEIN, NAWROCKI, SZYMOOL)",2025-11-22T18:32:10Z,948194,30057,1235,9,3. Wysoka manipulacja algorytmiczna,3.17
SBPTwcaA8gA,Konopskyy,"OGROMNA ODKLEJKA STANOWSKIEGO? (WOJAN VS UOKIK, FAGATA, YOUNG LEOSIA, GIMPER, LIL MASTI, KANAŁ ZERO)",2025-11-15T16:16:29Z,814192,28314,1705,7,3. Wysoka manipulacja algorytmiczna,3.48
sF93OnwfFYg,Konopskyy,KANAŁ ZERO WYKORZYSTANY PRZEZ PRZESTĘPCÓW?,2025-11-11T16:38:11Z,1002476,40284,2738,3,2. Lekki marketing newsowy,4.02
V_2nvNBl9B4,Konopskyy,"BRUDY NA FRIZA OD MINIMAJKA (STANOWSKI, WOJEWÓDZKI, ŻURNALISTA, RYMANOWSKI, CICHOSZ, KANAŁ ZERO)",2025-11-04T14:00:00Z,1019228,30185,1004,4,2. Lekki marketing newsowy,2.96
2pE6HJ8xr3s,Konopskyy,"WARDĘGA ZABLOKOWANY NA YOUTUBE? (KONIEC SKRZYNEK, DRAKE, MIZKIF, FAME MMA)",2025-10-31T18:49:32Z,755011,25071,1056,7,3. Wysoka manipulacja algorytmiczna,3.32
4v-IoUHcqc0,Konopskyy,"DUBAJSKA ODKLEJKA WERSOW? (WARDĘGA, NITRO, CS2, DUBIEL, FRIZ, MARTYNIUK, LOUVRE)",2025-10-27T18:33:57Z,1126518,31502,1197,7,3. Wysoka manipulacja algorytmiczna,2.8
OskG0qoGZlA,Konopskyy,"BOXDEL CHCE POZWAĆ WARDĘGE? (PROKURATURA, KASIX, TRUMP, NWASD)",2025-10-20T18:32:19Z,836022,27949,721,9,3. Wysoka manipulacja algorytmiczna,3.34
Ua6bd2W7JJM,Konopskyy,"KATASTROFALNA PREMIERA FRIZA I WERSOW? (PORÓD NA STREAM, HASANABI, DIOZ, UNBANY NA YOUTUBE)",2025-10-11T14:58:41Z,869044,27076,972,8,3. Wysoka manipulacja algorytmiczna,3.12
AYS6DK2UWWs,Konopskyy,"OJWOJTEK MASAKRUJE POLSKIE SŁUŻBY (BUDDA, ELON MUSK, DIDDY SKAZANY, DENIS ZAŁĘCKI, OJWOJTEK)",2025-10-05T18:09:20Z,1059553,32070,1395,6,3. Wysoka manipulacja algorytmiczna,3.03
gz8FwEJ0BYs,Konopskyy,"WARDĘGA MASAKRUJE ""NIE WIEM ALE SIE DOWIEM""? (PAN Z LOMBARDU, BOXDEL, NITRO, LIL MASTI, TRUMP)",2025-10-02T15:59:17Z,1091976,31886,1160,9,3. Wysoka manipulacja algorytmiczna,2.92
hu2Lv3oTwvo,Konopskyy,"WARDĘGA I NOWA DZIEWCZYNA (WERSOW, KLAWITER, TRUMP, KIRK, ZUCKERBERG, META)",2025-09-24T15:06:30Z,1183237,34424,1420,6,3. Wysoka manipulacja algorytmiczna,2.91
RXNcJJCK2ck,Konopskyy,"INFLUENCERZY OFIARAMI RZĄDU? (BUDDA, OJWOJTEK, CHARLIE KIRK, WIELKI BU, WYSOCKA-SZNEPF, STANOWSKI)",2025-09-16T14:47:42Z,1153286,36211,1605,9,3. Wysoka manipulacja algorytmiczna,3.14
xQMa85auqaQ,Konopskyy,"STANOWSKI MIAŻDŻY DZIENNIKARKĘ TVP?  (CHARLIE KIRK, IRYNA ZARUTSKA, TVP, DONALD TRUMP, SZNEPF)",2025-09-11T12:26:47Z,913459,31783,2074,7,3. Wysoka manipulacja algorytmiczna,3.48
bY5ralSWcRo,Konopskyy,"WIDZ ODDAŁ STRIMERCE WIELKIE OSZCZĘDNOŚCI (KASIX, WARDĘGA, BUDDA, ROBLOX, LEXY)",2025-09-07T13:06:41Z,978716,37141,1737,6,3. Wysoka manipulacja algorytmiczna,3.79
Erbz-yttjLA,Konopskyy,"KASIX PROMUJE OBRZYDLIWY SCAM? (PATO POMOC TYBURSKIEGO, PROBLEMY KICKA, WARDĘGA)",2025-08-29T18:18:06Z,1017577,38707,1860,5,2. Lekki marketing newsowy,3.8
9RVnVsYEdlc,Konopskyy,"FRIZ I WERSOW ZROBIĄ WSZYSTKO DLA PIENIĘDZY? (MRBEAST, ROBLOX, TRUMP, ZEŁEŃSKI, NAWROCKI)",2025-08-20T16:51:28Z,965401,32499,775,8,3. Wysoka manipulacja algorytmiczna,3.37
FtaWK8L6QXg,Konopskyy,"ROBLOX BRONI ZWYROLI? (WARDĘGA, TRUMP I PUTIN SPOTKANIE, FRIZ, WERSOW)",2025-08-16T14:45:38Z,1068388,34945,1056,7,3. Wysoka manipulacja algorytmiczna,3.27
ftZ6128jLn4,Konopskyy,"BUDDA SKOMPROMITOWAŁ BYŁEGO WSPÓLNIKA? (BEDOES, ERIPE, WOJEWÓDZKI, PALIKOT, NAWROCKI, KPO, JOSE)",2025-08-10T17:05:16Z,1183134,35343,1088,5,2. Lekki marketing newsowy,2.99
FX0UKW4Wwsc,Konopskyy,"OSTATECZNE POGRĄŻENIE LIL MASTI? (BEDOES, GIMPER, KASIX)",2025-08-01T17:20:11Z,936282,34515,1202,5,2. Lekki marketing newsowy,3.69
ENDC8j2E_y0,Konopskyy,"WIELKI BUNT POLSKICH STREAMERÓW (DENIS ZAŁĘCKI, MULTI, SUCHAR, SANDRA, CEO PRZYŁAPANY)",2025-07-23T17:06:05Z,1049347,40954,1392,9,3. Wysoka manipulacja algorytmiczna,3.9
fWZXKv30rqY,Konopskyy,"GIMPER STRAUMATYZOWAŁ INFLUENCERKE? (LIL MASTI, EPSTEIN, ISHOWSPEED, MATA, LABRYGA, AJEMGE)",2025-07-19T11:30:51Z,1047202,45345,1646,5,2. Lekki marketing newsowy,4.33
MNMepeKCZtY,Konopskyy,"DONALD TRUMP KRYJE EPSTEINA? (PATOSTREAMER ARESZTOWANY, AJEMGE, ELON MUSK)",2025-07-12T13:30:10Z,1462688,42535,2490,7,3. Wysoka manipulacja algorytmiczna,2.91
nY83D1STa4E,Konopskyy,"YOUTUBERZY I BŁAZENADA Z TRAGEDII (STANOWSKI, TVN TURBO, MIKICIUK, KORNACKI)",2025-07-06T12:00:10Z,968001,35541,1427,4,2. Lekki marketing newsowy,3.67
rMGFJXFEkOg,Konopskyy,"SZALONY REPORTER POMÓWIŁ DODE? (TADEUSZ DUDA, MRBEAST, KSIĄŻULO, LIMANOWA)",2025-07-01T16:33:22Z,908839,30524,1332,5,2. Lekki marketing newsowy,3.36
pucc64ReEqg,Konopskyy,"WERSOW ODPOWIADA HEJTEROM (DODA, TAAZY, POLAK W KOSMOSIE, SŁAWOSZ)",2025-06-25T18:32:19Z,1241705,43247,1382,4,2. Lekki marketing newsowy,3.48
hluIIonnA-0,Konopskyy,PASKUDNY PATOSTREAMER PODBIJA INTERNET,2025-06-20T13:58:33Z,1359911,64249,3823,2,1. Rzetelny / Neutralny,4.72
UhZUb633TxM,Konopskyy,"TRAGICZNE MĄDROŚCI GORTATA (T5M, FRIZ, GONCIARZ, NARUCIAK,  LEWANDOWSKI, ELON MUSK)",2025-06-13T19:18:45Z,1038888,38955,1953,4,2. Lekki marketing newsowy,3.75
wQHvwDqkHgo,Konopskyy,"RZĄD ELIMINUJE KOLEJNYCH PATOSTREAMERÓW  (MUSK VS TRUMP, JASZCZUR I LUDWICZEK, TUSZOL, TRZASKOWSKI)",2025-06-07T18:48:18Z,1443649,38675,1257,8,3. Wysoka manipulacja algorytmiczna,2.68
VERp6Te8mRQ,Konopskyy,"KRZYSZTOF GONCIARZ MIAŻDZY ZARZUTY (BUDDA, PERSEUSZ, FIT LOVERS, KIM DZONG UN, GONCIARZ)",2025-06-01T10:41:36Z,1285573,41630,985,4,2. Lekki marketing newsowy,3.24
fKTXPpslAa4,Konopskyy,"MENTZEN ZAWIÓDŁ WYBORCÓW (PIWO Z TRZASKOWSKIM, NAWROCKI, NIELEGALNA KAMPANIA)",2025-05-25T19:38:29Z,1114786,40258,1936,4,2. Lekki marketing newsowy,3.61
fmMEDNA_rkw,Konopskyy,"PRZEGRALIŚMY KOLEJNE WYBORY? (MENTZEN, MRBEAST, TRZASKOWSKI, STANOWSKI, NAWROCKI, EUROWIZJA)",2025-05-20T18:56:57Z,1211096,44381,1298,8,3. Wysoka manipulacja algorytmiczna,3.66
Q8l2LqM83LE,Konopskyy,OTO MOJA NOWA SIEDZIBA ZA 360 000 ZŁOTYCH (BIURO NA CZASIE),2025-05-20T16:40:02Z,477794,26782,827,5,2. Lekki marketing newsowy,5.61
J9bcF_szsTk,Konopskyy,"STANOWSKI ZAORAŁ STRONNICZA DZIENNIKARKE (DEBATA TVP, KIBOLE, PAPIEŻ, TRAGEDIA UW, SCHNEPF)",2025-05-13T16:40:03Z,1600519,50334,2069,6,3. Wysoka manipulacja algorytmiczna,3.14
8X_WkrGkrY4,Konopskyy,"KSIĄŻULO OBNAŻA FRIZA? (NAWROCKI, MENTZEN, STANOWSKI, MAJA Z MŁAWY)",2025-05-07T19:34:04Z,1281403,43517,1689,5,2. Lekki marketing newsowy,3.4
pzR6Etd9r1w,Konopskyy,"NAJGORSZY WYWIAD STANOWSKIEGO? (MENTZEN, MACIAK, TRZASKOWSKI, DEBATA, WYSOCKA-SCHNEPF)",2025-05-02T18:02:41Z,1238991,44436,2197,5,2. Lekki marketing newsowy,3.59
HgqQf5H8zNk,Konopskyy,"PATOSTREAMERZY WYKORZYSTUJĄ SCHOROWANEGO DZIADKA (WARDĘGA, HOŁOWNIA, ELON MUSK)",2025-04-27T18:16:41Z,1102147,45327,1967,4,2. Lekki marketing newsowy,4.11
XJKAhocKHyU,Konopskyy,"WARDĘGA PRZEGRAŁ ROZPRAWĘ Z MARCINEM DUBIELEM (STUU, MINECRAFT MOVIE, NITRO)",2025-04-17T17:16:38Z,1055174,40315,1344,7,3. Wysoka manipulacja algorytmiczna,3.82
30dDnzGc3ag,Konopskyy,"ŻAŁOSNE DEBATY PREZYDENCKIE (MGP GARAGE, STANOWSKI, MENTZEN, TRZASKOWSKI, HOŁOWNIA)",2025-04-13T16:40:58Z,1176682,46876,1725,4,2. Lekki marketing newsowy,3.98
bz7uhWMcHYk,Konopskyy,"STANOWSKI KONFRONTUJE MENTZENA I BRAUNA (ISHOWSPEED, BUDDA, WYBORY 2025, DEBATY PREZYDENCIE)",2025-04-07T12:40:08Z,1501808,54104,2900,5,2. Lekki marketing newsowy,3.6
pELRZ9GTnz4,Konopskyy,"MILIONOWY YOUTUBER Z ZARZUTEM USIŁOWANIA ZABÓJSTWA (KIZO, ELON MUSK, TOP GEAR, PORANNA RUTYNA VIRAL)",2025-03-30T13:58:45Z,1360488,49077,1350,5,2. Lekki marketing newsowy,3.61
YvGmZeKHfkY,Konopskyy,"BOXDEL PRZEKUPIŁ BYŁĄ MIESZKANIEM? (PROBLEMY STANOWSKIEGO, WYBORY 2025, BOJKOT TESLI, MARK ROBER)",2025-03-23T14:00:53Z,1680419,51167,1539,8,3. Wysoka manipulacja algorytmiczna,3.04
jWyXjfuwhQs,Konopskyy,"TOKSYCZNA ODPOWIEDŹ XAYOO (SUCHAR, JOSE KOLEKCJONER, PASUT)",2025-03-16T19:10:56Z,1236970,54062,2285,4,2. Lekki marketing newsowy,4.37
CVbrAUV0bJE,Konopskyy,"OBRZYDLIWY INFLUENCER VS 15-LATKA (ELON MUSK, SIKORSKI, ANDREW TATE, MRBEAST)",2025-03-11T19:48:28Z,1841739,70302,5180,6,3. Wysoka manipulacja algorytmiczna,3.82
hOPwgJ9uILk,Konopskyy,"BUDDA SPRZEDAŁ INNYCH INFLUENCERÓW? (KONONOWICZ, ARESZTOWANIA, BOXDEL, ISAMU, LEXY, GOLA)",2025-03-06T20:02:05Z,1434377,55251,1722,7,3. Wysoka manipulacja algorytmiczna,3.85
6nhXeyJkGJ4,Konopskyy,"WARDĘGA OSTATECZNIE POGRĄŻA FAME? (DONALD TRUMP, ZAŁEŃSKI, BUDDA, ELON MUSK)",2025-03-01T19:36:08Z,1776688,53822,1363,7,3. Wysoka manipulacja algorytmiczna,3.03
z1Rd90bQocE,Konopskyy,"KONTROWERSYJNA GALA STREAMERÓW (MR BEAST, ZŁOTE ANTOSIE, MULTI, KASIX, REMSUA)",2025-02-24T18:33:35Z,1027844,50454,2284,5,2. Lekki marketing newsowy,4.91
Ixg-QBvwjDQ,Konopskyy,"BRUTALNE POBICIE STUU? (KSIAŻULO, KANAŁ SPORTOWY, STANOWSKI, ASAP ROCKY)",2025-02-21T17:56:50Z,1119179,43957,1337,5,2. Lekki marketing newsowy,3.93
y95SZUQaFxY,Konopskyy,"ODKLEJONY PLASTUŚ CHCE MNIE POBIĆ (DIOZ, PATECKI, ELON MUSK, TYBURSKI)",2025-02-18T18:47:53Z,1106527,48757,1518,6,3. Wysoka manipulacja algorytmiczna,4.41
rFHtaSdRIgk,Konopskyy,"UDAWANY ""LEKARZ"" INFLUENCER ZABIŁ CZŁOWIEKA (DZIWNY TIKTOKOWY NAUCZYCIEL, KANYE WEST, FAME 24)",2025-02-13T17:45:28Z,1257463,46456,1484,5,2. Lekki marketing newsowy,3.69
lx4HTQC7QR4,Konopskyy,"BRAT BUDDY CHCE GO POGRĄŻYĆ? (WARDĘGA, GOLA, DENIS, BOXDEL, JOSE KOLEKCJONER)",2025-02-07T17:30:30Z,1201541,42008,845,7,3. Wysoka manipulacja algorytmiczna,3.5
AQY6NwX4eWc,Konopskyy,"WARDĘGA POD LAWINĄ POZWÓW (BUDDA, DIOZ, DEEPSEEK AI, FAME MMA)",2025-01-31T18:34:21Z,1167151,43391,993,4,2. Lekki marketing newsowy,3.72
t-drBNtfgIs,Konopskyy,"WARDĘGA PACYFIKUJE BOXDELA? (DONALD TRUMP. ELON MUSK, STANOWSKI, BUDDA)",2025-01-23T17:48:05Z,1493066,48166,1050,9,3. Wysoka manipulacja algorytmiczna,3.23
wkhIIRy3h1s,Konopskyy,"BUDDA WRACA DO INTERNETU (BAN TIKTOKA, ELON MUSK, FERRARI KSI, 1000 FACETÓW W 24H)",2025-01-19T18:47:00Z,1279231,51298,1308,5,2. Lekki marketing newsowy,4.01
CXFPh-i6e9Q,Konopskyy,"STUU MNIE POZWAŁ (KONONOWICZ, DUBIEL, ZUCKERBERG, POŻARY LA)",2025-01-14T20:07:05Z,1620592,62910,1851,4,2. Lekki marketing newsowy,3.88
g--SYAJ6_F8,Konopskyy,"PRAWDZIWE OBLICZE BUDDY? (DIOZ CBŚP, ELON MUSK, MAGICAL, JOSE KOLEKCJONER)",2025-01-06T13:19:21Z,1551499,58013,2129,5,2. Lekki marketing newsowy,3.74
NtJPF6_BFjk,Konopskyy,"BOXDEL WYGADAŁ SIĘ WARDĘDZE? (MRBEAST, HONEY SCAM, WARDĘGA, MAGNUS, BUDDA)",2024-12-31T13:17:11Z,1468873,56922,1462,7,3. Wysoka manipulacja algorytmiczna,3.88
qem91r5OxPM,Konopskyy,"BUDDA WYSZEDŁ I KOMENTUJE ARESZT (BOXDEL WRÓCIŁ, WARDĘGA, FAGATA,  ZDUNIAK, LEXY)",2024-12-26T17:21:22Z,1758192,64613,2228,6,3. Wysoka manipulacja algorytmiczna,3.67
-JXo3lBmHes,Konopskyy,"KSIĄŻULO WYJAŚNIŁ FRIZA (MRBEAST, PASUT, ANDREW TATE, BEAST GAMES)",2024-12-21T17:54:29Z,1227337,51640,1150,6,3. Wysoka manipulacja algorytmiczna,4.21
zFOLcujtVTA,Konopskyy,"SKANDALICZNY ""WYCZYN"" INFLUENCERKI (CRAWLY, KORWIN, LUIGI, ŁATWOGANG, JAY Z)",2024-12-15T16:44:59Z,1436977,55492,1859,7,3. Wysoka manipulacja algorytmiczna,3.86
02WLaf7bOsc,Konopskyy,"CHIŃSKI PRZERKĘT JOSE KOLEKCJONERA? (DIOZ OKRADŁO STARUSZKA?, FAME MMA, CEO UNITED HEALTH)",2024-12-08T19:01:28Z,1353381,52013,1783,5,2. Lekki marketing newsowy,3.84
p4E_vUofhHE,Konopskyy,"UKRAIŃSKI INFLUENCER DEPORTOWANY (CRAWLY, KAI CENAT, IGA ŚWIĄTEK)",2024-12-01T18:10:43Z,1193229,52751,1829,4,2. Lekki marketing newsowy,4.42
wH7W87q6AUM,Konopskyy,"BOXDEL ODMÓWIŁ BUDDZIE POMOCY? (MRBEAST, STANOWSKI, JANOSZEK, LOGAN PAUL, KAMIL USA)",2024-11-28T18:15:36Z,1249954,47204,887,9,3. Wysoka manipulacja algorytmiczna,3.78
wgccvmtjKhY,Konopskyy,"PATOSTREAMER POGRĄŻONY PRZEZ PROKURATURĘ (MRBEAST, ANDREW TATE, KAWIAQ, JAKE PAUL, MIKE TYSON)",2024-11-21T19:20:10Z,1066755,46028,845,4,2. Lekki marketing newsowy,4.31
uj6IDGom-gQ,Konopskyy,"SKANDALICZNY UKRAIŃSKI INFLUENCER (BUDDA, OKI, BAMBI, CRAWLY, PASUT, JOSE KOLEKCJONER)",2024-11-12T19:33:10Z,1248201,53269,1465,7,3. Wysoka manipulacja algorytmiczna,4.27
yXuUEIPJeBQ,Konopskyy,"RUTKOWSKI BOLEŚNIE ZDEMASKOWANY (CRAWLY, CAROLINE DERPIEŃSKI, MRBEAST)",2024-11-06T14:00:57Z,1563227,59264,1520,4,2. Lekki marketing newsowy,3.79
gP09V1ZsVWA,Konopskyy,"POKRĘTNE TŁUMACZENIA STREAMERÓW (BUDDA, STUU, PANDORA, WARDĘGA)",2024-10-27T13:00:51Z,1738768,82600,3893,4,2. Lekki marketing newsowy,4.75
GRUtsOB7Cvc,Konopskyy,MAFIA HAZARDOWA POLSKIEGO INTERNETU #KoniecGry,2024-10-20T13:55:10Z,4718017,202960,14797,4,2. Lekki marketing newsowy,4.3
bpGJeKOtUCI,Konopskyy,"BUDDA WSZYSTKO STRACIŁ? (SĄD, GRAŻYNKA, LOTERIE, VAT, DIOZ KONTROWERSJE)",2024-10-17T18:51:18Z,1556896,66694,2696,8,3. Wysoka manipulacja algorytmiczna,4.28
McgwaAHpIgg,Konopskyy,"BUDDA ARESZTOWANY PRZEZ SŁUŻBY (MGP GARAGE, GRAŻYNKA, CBŚ, HURAGANY USA, KSI)",2024-10-14T20:00:36Z,1775486,78516,2635,6,3. Wysoka manipulacja algorytmiczna,4.42
hGlnL2Awh3s,Konopskyy,"ROBERT PASUT SŁUSZNIE ZAATAKOWAŁ UKRAIŃCA? (FAME MMA, JACK DOHERTY, MARCOŃ, ZAŁĘCKI)",2024-10-09T18:45:13Z,1120086,51398,1799,5,2. Lekki marketing newsowy,4.59
yT5ZuTXGy7A,Konopskyy,"OBRZYDLIWE IMPREZY HOLLYWOOD (P DIDDY GATE, BUDDA, WARDĘGA, FAME MMA)",2024-10-04T14:45:23Z,1552545,72438,1909,4,2. Lekki marketing newsowy,4.67
76AVeKtvMNI,Konopskyy,"BUDDA NIE RADZI SOBIE Z HEJTEM? (TARAPATY BOXDELA, WARDĘGA, SZALONY REPORTER)",2024-09-26T17:07:19Z,1558879,68764,2053,7,3. Wysoka manipulacja algorytmiczna,4.41
INpyRcdnysg,Konopskyy,"WARDĘGA Z KOLEJNYMI DZIAŁAMI W FAME MMA (BOXDEL, ŁUKASZ ŻAK, SPRAWDZAM JAK)",2024-09-22T17:43:06Z,1418361,64889,1571,6,3. Wysoka manipulacja algorytmiczna,4.57
-IdBLjdWnuQ,Konopskyy,"BOXDEL Z NIEUDANYM ""OLBRZYMEM""? (WARDĘGA ODPOWIEDŹ, DUBIEL, LEXY, FAGATA)",2024-09-18T14:00:10Z,2169825,82704,2620,7,3. Wysoka manipulacja algorytmiczna,3.81
7aQ3sD14C1w,Konopskyy,"BOXDEL ZAPOWIADA ""APOKALIPSE"" INFLUENCERÓW (OJWOJTEK, NICOKADO AVOCADO, WARDĘGA, DRDISRESPECT)",2024-09-11T18:49:54Z,1873114,77234,1943,6,3. Wysoka manipulacja algorytmiczna,4.12
gv-uQQVokIs,Konopskyy,"WARDĘGA ZNISZCZYŁ BOXDELA? (FAME MMA, DUBIEL, GOLA, KAMERZYSTA, SMOLASTY)",2024-09-01T19:07:21Z,2360279,97156,3049,7,3. Wysoka manipulacja algorytmiczna,4.12
_VW_dAc1Kak,Konopskyy,"SKOLIM KUPUJE WYŚWIETLENIA? (MULTI, OKI, RONALDO, PROBLEMY FREAKÓW, ANDREW TATE)",2024-08-26T12:56:41Z,1186256,58546,1386,5,2. Lekki marketing newsowy,4.94
tAC3aIyel6U,Konopskyy,"BUDDA OKRADZIONY PRZEZ WIDZA (SZALONY, STANOWSKI, SKANDAL DISNEY, PASUT MAMA)",2024-08-21T17:29:04Z,1265661,54070,1251,7,3. Wysoka manipulacja algorytmiczna,4.27
zMyR-5IfE6Q,Konopskyy,"BOXDEL ARESZTOWANY PRZEZ SŁUŻBY (BUDDA, NOWE DOWODY MRBEAST, SUSAN WÓJCICKI)",2024-08-13T18:44:05Z,1221555,59063,1392,11,4. Skrajny clickbait sensacyjny,4.84
BrcPktnE_WA,Konopskyy,"STANOWSKI ZNISZCZYŁ REPORTERA I STONOGE (MRBEAST, DONALD TRUMP,, ISHOWSPEED)",2024-08-08T19:01:31Z,1111175,58921,974,8,3. Wysoka manipulacja algorytmiczna,5.3
sHnoH1cgPLM,Konopskyy,"SZALONY REPORTER ZMIAŻDZONY (STANOWSKI, WERSOW, TOMASZ CHIC PDF, FAME MMA, PANDORA 2.0)",2024-08-05T19:31:40Z,1498105,63446,1668,4,2. Lekki marketing newsowy,4.24
YORrTcN4qIA,Konopskyy,"MRBEAST ZRUJNOWAŁ SWOJA KARIERE? (ER0TYƆZNƎ FILMY NA YOUTUBE, PANDORA UPDATE, YOUTUBER ZŁODZIEJ)",2024-07-31T18:37:57Z,1418246,64803,2295,6,3. Wysoka manipulacja algorytmiczna,4.57
9TckjZyXNng,Konopskyy,"IMPERIUM MRBEAST UPADA (POZEW NA MILION, WOJEWÓDZKI, JACEK JAWOREK)",2024-07-25T19:04:11Z,1261008,60424,1467,6,3. Wysoka manipulacja algorytmiczna,4.79
SAfvLVi88do,Konopskyy,"WOJTEK GOLA STAŁ SIĘ MEMEM NA CAŁĄ POLSKĘ (JOSE KOLEKCJONER, DONALD TRUMP. POKIMANE)",2024-07-17T18:57:26Z,1398183,62599,1128,6,3. Wysoka manipulacja algorytmiczna,4.48
k2KlSnVSEWM,Konopskyy,"SZKODLIWA RECENZJA KSIAŻULA? (ISHOWSPEED, BANDURA, OJWOJTEK, ANDREW TATE)",2024-07-11T16:32:53Z,1319839,66481,1964,5,2. Lekki marketing newsowy,5.04
MSxfWrkXgRo,Konopskyy,"ISHOWSPEED ROZNIÓSŁ POLSKI INTERNET  (OJWOJTEK, MURAN, GAŁA, FERRARI)",2024-07-04T17:35:19Z,1213618,60567,1415,4,2. Lekki marketing newsowy,4.99
pJhQLyvXLcY,Konopskyy,"CHORE UNIWERSUM MEGAKOTA (BUDDA I KOLEJNE ARESZTOWANIA, TWITCH BANUJE PDF)",2024-07-01T19:00:26Z,1595723,65649,2032,4,2. Lekki marketing newsowy,4.11
ed8UuxZMWbs,Konopskyy,"MR BEAST RUJNUJE SWÓJ WIZERUNEK?  (MARIUSZ PUDZIANOWSKI, ŁATWOGANG, IGA ŚWIĄTEK, BNT)",2024-06-25T19:09:30Z,1222031,59766,2144,5,2. Lekki marketing newsowy,4.89
ImabdWjVQIU,Konopskyy,"INFLUENCERKA OBURZONA BEZDOMNYM (BUNGEE, MRBEAST, GORDON RAMSEY, BUDDA, ZALEWSKI)",2024-06-19T16:45:35Z,1278025,64530,1378,4,2. Lekki marketing newsowy,5.05
LphlTVBj9VE,Konopskyy,"KSIĄŻULO BRUTALNIE OKRADZIONY? (FRIZ MAFIA, JAWOR, TRISTUS, ZDĘBA, ŻUGAJ, MRBEAST)",2024-06-04T18:53:11Z,1333938,70976,2592,5,2. Lekki marketing newsowy,5.32
V8xdQWsmwVI,Konopskyy,"FUNDACJA CHAJZERA OSZUKAŁA CHORE DZIECKO? (PATECKI, SKYEN, BUDDA, PATOSTREAMER, ELON MUSK, REVO)",2024-05-26T17:32:56Z,1132208,55692,1316,8,3. Wysoka manipulacja algorytmiczna,4.92
9w8jPrn86XY,Konopskyy,"BUDDA W OBLICZU POWAŻNYCH ZARZUTÓW (FAGATA, FAME MMA 21, BANDURA)",2024-05-20T17:03:20Z,1513042,66860,1677,4,2. Lekki marketing newsowy,4.42
LmPfvTEjXyE,Konopskyy,"FAME MMA PRZEKRACZA GRANICE PATOLOGII (WHITE, BIAŁAS, BITA ŚMIETANKA 3, ELON MUSK, XAYOO)",2024-05-15T17:48:40Z,1252420,59821,1977,6,3. Wysoka manipulacja algorytmiczna,4.78
VE8H7lZarzM,Konopskyy,"SKANDAL WOKÓŁ EUROWIZJI (DRAKE VS KENDRICK LAMAR, LUNA, JULIA ŻUGAJ, KANAŁ ZERO)",2024-05-11T14:27:32Z,1216783,59063,1295,9,3. Wysoka manipulacja algorytmiczna,4.85
qZ15vLzcuQo,Konopskyy,"TVN RATUJE WIZERUNEK DUBIELA? (FAGATA, FRIZ, WUJEK ŁUKI, EKIPA, FUSIALKA)",2024-05-01T15:45:05Z,1311191,64739,1997,5,2. Lekki marketing newsowy,4.94
6iq5iSPaDdU,Konopskyy,"OBRZYDLIWE PRAKTYKI FUNDACJI DIOZ (STANOWSKI, JANOSZEK, DAGMARA Z KRÓLOWYCH ŻYCIA, RYAN GARCIA)",2024-04-28T14:16:50Z,1346328,61927,2693,4,2. Lekki marketing newsowy,4.6
x9rPRiNaHHk,Konopskyy,"BUDDA OSKARŻONY O KRADZIEŻ LOGO (DOZE, STANOWSKI, MAMA I WERKA, BAN TIKTOK, KANAŁ ZERO)",2024-04-22T16:40:33Z,1191593,54435,1374,4,2. Lekki marketing newsowy,4.57
p_vThHrLjlI,Konopskyy,"INFLUENCERKA WYKORZYSTAŁA NIEPEŁNOSPRAWNEGO (WERSOW, STANOWSKI, PANDABUY, MIKROCYPEK DRAMA)",2024-04-17T14:58:33Z,1514842,72608,1933,4,2. Lekki marketing newsowy,4.79
kWxCpUzRZtQ,Konopskyy,"SZOKUJĄCE ODEJŚCIE WARDĘGI Z INTERNETU (FRIZ, MRBEAST, DENIS LABRYGA, PIWKO MOŻNA)",2024-04-10T17:53:48Z,1289432,68466,1808,4,2. Lekki marketing newsowy,5.31
HcX5S7AUxZc,Konopskyy,"BOXDEL ZNOWU KŁAMIE (WARDĘGA, GOATS, FAME, GOLA, UOKIK AMAZON, STANOWSKI)",2024-04-05T19:42:34Z,1347252,78165,3415,6,3. Wysoka manipulacja algorytmiczna,5.8
KElWuHsbetk,Konopskyy,"MANIPULACJE DUBIELA NITRO I BOXDELA (FILM BUDDY, KSIĄŻULO POZEW, ROBERT KARAŚ)",2024-03-27T20:01:32Z,1709205,89067,3015,6,3. Wysoka manipulacja algorytmiczna,5.21
xBx-lQlJ-xA,Konopskyy,"OGROMNA DRAMA MGP I BUDDY (KSIĄŻULO Z POZWEM, SZALONY REPORTER, PRIME, KAMERZYSTA, TIKTOK ZBANOWANY)",2024-03-21T17:59:36Z,1623280,72537,2117,8,3. Wysoka manipulacja algorytmiczna,4.47
UM1H_67LVOY,Konopskyy,"ANDREW TATE ZNOWU ZA KRATKAMI (BUDDA, RYAN GARCIA, JUICE WRLD, OSCARY I JOHN CENA, ZWOLNIENIE SKYPE)",2024-03-15T17:41:01Z,1402710,63242,1341,4,2. Lekki marketing newsowy,4.51
yoDhJFsE2gE,Konopskyy,"BOXDEL Z BRUDAMI NA INFLUENCERÓW (CLOUT MMA 4, MRBEAST, BUDDA, APPLE, META, MIKE TYSON)",2024-03-10T19:03:35Z,1493066,63680,1142,6,3. Wysoka manipulacja algorytmiczna,4.27
k2TJ8jwf2BI,Konopskyy,"POWRÓT FAGATY DO WALK FREAKOWYCH (CLOUT MMA, MIŚ Z KRUPÓWEK, KAWIAQ, LEXY)",2024-03-05T19:50:30Z,1275873,64354,1553,4,2. Lekki marketing newsowy,5.04
RP6kvrYpYkQ,Konopskyy,"FATALNY WYWIAD FAGATY (STANOWSKI I MAFIA, LIDL VS BIEDRONKA, ELON MUSK, CAROLINE DERPIŃSKA)",2024-02-26T17:15:10Z,1657793,69203,2318,6,3. Wysoka manipulacja algorytmiczna,4.17
qFKOE4bK_j0,Konopskyy,"MARCIN DUBIEL MNIE POZWAŁ (BUDDA, NITRO, SENTINO, STANOWSKI, DERPIEŃSKA, GIMPER)",2024-02-21T15:42:05Z,1585670,75427,1287,4,2. Lekki marketing newsowy,4.76
RBHEbYc-DNU,Konopskyy,"WARDĘGA POD FALĄ KRYTYKI (FAME2O, BOXDEL, XAYOO, STONOGA, ISAMU, BUDDA)",2024-02-13T20:05:38Z,1339412,71470,1600,6,3. Wysoka manipulacja algorytmiczna,5.34
ArvH8x7IFdw,Konopskyy,"KSIĄŻULO W MOCNYCH TARAPATACH (DRAMA MULTIEGO, POPEK MONSTER, UOKIK, WOJTEK GOLA, GOATS)",2024-01-29T13:51:16Z,1407633,69845,1795,6,3. Wysoka manipulacja algorytmiczna,4.96
RLSDnc-jMQc,Konopskyy,"WARDĘGA WYBACZYŁ BOXDELOWI (MRBEAST, ELON MUSK, GALERIA POSNANIA, WRZOSEK, KANAŁ SPORTOWY)",2024-01-25T17:47:00Z,1148598,60331,1159,6,3. Wysoka manipulacja algorytmiczna,5.25
AZrbmtyMyA0,Konopskyy,"BUDDA ZAATAKOWANY ZA LOTERIĘ (PATECKI, LATWOGANG, PRIME, BELMONDO, 7AUT)",2024-01-17T19:53:18Z,1352831,66980,849,4,2. Lekki marketing newsowy,4.95
bMfGbGoO-XY,Konopskyy,"STREAMERKA PONIŻYŁA FANA (SZPAKU, MERGHANI, EWROON, MACIAS, KICK, WHITE WIDOW)",2024-01-13T18:01:54Z,1000907,59018,1015,6,3. Wysoka manipulacja algorytmiczna,5.9
Dq5Pg87raRQ,Konopskyy,"KSIĄŻULO W OGNIU KRYTYKI? (JEFFREY EPSTEIN DOKUMENTY, TOMASZ KOMENDA, MORTALCIO, GENZIE)",2024-01-07T13:00:12Z,1412378,71254,1267,5,2. Lekki marketing newsowy,5.04
b2C59RbvqOQ,Konopskyy,"MOJA „WALKA” Z DUBIELEM (NATAN MARCOŃ, SZALONY REPORTER, DUBIEL, POZIOMKA13, ZAŁĘCKI, CLOUT MMA)",2023-12-30T18:50:56Z,1401988,63070,1283,4,2. Lekki marketing newsowy,4.5
EhsHLKEkoos,Konopskyy,"POGRĄŻAJĄCY POWRÓT DUBIELA (KONIEC TVP, OJWOJTEK, DREAM, SEJM)",2023-12-23T15:39:40Z,1654303,88241,3598,6,3. Wysoka manipulacja algorytmiczna,5.33
91PRaqkfxeA,Konopskyy,"OGROMNA AFERA GAŚNICOWA W SEJMIE (NOWE OFIARY PANDORA, FANTASY, FAME REBORN, FABIJAŃSKI, WARDĘGA)",2023-12-14T14:32:00Z,1286322,69188,2312,9,3. Wysoka manipulacja algorytmiczna,5.38
YTmvazo9dUs,Konopskyy,"RASISTOWSKA ODKLEJKA ZAWODNICZKI FAME (MORTALCIO, GTA 6, LEXY, KINGA BANAŚ, FAME REBORN)",2023-12-06T20:02:11Z,1426616,69029,1485,7,3. Wysoka manipulacja algorytmiczna,4.84
KDJb6jafGrY,Konopskyy,"TRAGICZNY UPADEK PATOSTREAMERA (FRIZ, WERSOW, STUU UPDATE, KAWIAQ)",2023-11-29T16:57:22Z,1362658,79524,1610,6,3. Wysoka manipulacja algorytmiczna,5.84
55S6hA0dkF4,Konopskyy,"BOXDEL PRZEKUPIŁ OFIARE MIESZKANIEM? (1 Z 10 ARTUR, PATOSTREAMER UPDATE, DREAM)",2023-11-25T18:08:51Z,1788199,80460,1710,7,3. Wysoka manipulacja algorytmiczna,4.5
OGZp0RLBXiQ,Konopskyy,"PATOSTREAMER I SKRZYWDZONE DZIEWCZYNY (MULTI, BUNGEE, XAYOO, KEYDROP BAN, ISHOWSPEED)",2023-11-21T19:40:23Z,1454450,79537,2166,4,2. Lekki marketing newsowy,5.47
PSi6g1ADy88,Konopskyy,"WIELKA DRAMA MULTIEGO (CLOUT MMA, NAUKOWY BEŁKOT, YFL, BUNGEE, BANDURA, DZINOLD)",2023-11-16T19:12:57Z,1393876,76514,1570,6,3. Wysoka manipulacja algorytmiczna,5.49
5FPusbRbJcA,Konopskyy,"STANOWSKI MASAKRUJE KANAŁ SPORTOWY (BOXDEL, WARDĘGA, BOREK, ANDZIAKS)",2023-11-12T20:00:58Z,1597509,72709,1650,6,3. Wysoka manipulacja algorytmiczna,4.55
LgJoq91mN58,Konopskyy,"WARDĘGA ZAATAKOWANY PRZEZ FAME (STANOWSKI, BOXDEL, GTA 6, CLOUT MMA, ROZPARA)",2023-11-08T19:20:07Z,1448278,71961,1668,6,3. Wysoka manipulacja algorytmiczna,4.97
qgkMRQjQnL0,Konopskyy,"BOXDEL MASAKRUJE INFLUENCERÓW? (ELON MUSK, STUU, FORTNITE OG, CLOUT MMA, UFC, AFERA BETONOWA)",2023-11-04T19:31:28Z,1720893,82858,1575,10,4. Skrajny clickbait sensacyjny,4.81
laqWX3u9UvM,Konopskyy,"CLOUT MMA SIĘ POGRĄŻYŁO (WARDĘGA, LEXY, DENIS, GOHA, NIKITA, NAJMAN)",2023-10-30T18:57:35Z,1684705,90426,2011,4,2. Lekki marketing newsowy,5.37
SYujNzjEGys,Konopskyy,"DUBIEL SOBIE ZASZKODZIŁ (PŁATNY TWITTER, PATOSTREAMERKA, BOXDEL, STANOWSKI, PANDORA)",2023-10-25T16:16:43Z,2416370,131980,3216,6,3. Wysoka manipulacja algorytmiczna,5.46
kpDfE1Qd7RQ,Konopskyy,"POGRĄŻAJĄCE OŚWIADCZENIA INFLUENCERÓW (MARCIN DUBIEL, STUU, NATSU)",2023-10-19T15:24:23Z,3677057,211520,4765,4,2. Lekki marketing newsowy,5.75
V997VX3NIBo,Konopskyy,MROCZNA PRZESZŁOŚĆ POLSKIEGO YOUTUBA,2023-10-08T18:16:10Z,14067228,959756,81841,3,2. Lekki marketing newsowy,6.82
yP2OtqKIQ0w,Konopskyy,"GARGAMEL SKREŚLONY Z INTERNETU (PATOSTREAMER DORWANY, GOATS, WARDĘGA, STANOWSKI, ADIN ROSS)",2023-09-26T16:20:35Z,2759753,87340,6218,4,2. Lekki marketing newsowy,3.16
6PENB88sRjM,Konopskyy,"STUU POWAŻNIE OSKARŻONY (FAGATA, LEXY, ŻUGAJ, CLOUT MMA, UFO, NOWE IPHONE, WARDĘGA)",2023-09-17T12:03:01Z,1532469,67142,1492,4,2. Lekki marketing newsowy,4.38
BmHcsyOwlLU,Konopskyy,"MATA POD ATAKIEM LEGENDARNEGO RAPERA (ŻUGAJ, MULTI, OKI, SKANDAL TVP, MRBEAST, ISHOWSPEED)",2023-09-13T13:01:54Z,921079,46135,779,7,3. Wysoka manipulacja algorytmiczna,5.01
kdj9w3Fvpeo,Konopskyy,"WOJEWÓDZKI PROMUJE FAKECELEBRYTKE (ANDZIAKS, LOGAN PAUL, AFERA RTĘCIOWA, NAJOSTRZEJSZY CHIPS)",2023-09-08T19:05:51Z,934386,46847,1015,7,3. Wysoka manipulacja algorytmiczna,5.01
QqdfQH3M36Q,Konopskyy,"LIL MASTI SZKODZI DZIECKU? (MRBEAST RUJNUJE YOUTUBE, XAYOO, FERRARI, FAME 19)",2023-09-05T17:37:02Z,990005,49249,788,5,2. Lekki marketing newsowy,4.97
edWyfkbTukc,Konopskyy,"PATOSTREAMER W TARAPATACH (WARDĘGA, TROMBA, MRBEAST, ISHOWSPEED, KAI CENAT)",2023-08-30T19:15:25Z,1000749,56721,1298,4,2. Lekki marketing newsowy,5.67
Sfb7wXqnjmQ,Konopskyy,"NAJWIĘKSZA KSEROKOPIARKA POLSKIEGO YOUTUBA (JAKE PAUL W POLSCE, WARDĘGA, ŻUGAJ, MURCIX, MAGICAL)",2023-08-27T12:33:45Z,956346,57657,1487,4,2. Lekki marketing newsowy,6.03
QH40fnXh_C4,Konopskyy,"PATOSTREAMER CHCE MNIE POBIĆ (ISHOWSPEED I POLAK, KRYTYKA MRBEAST, LABRYGA, CLOUT MMA OSZUKAŁO?)",2023-08-23T11:37:07Z,1339578,70171,2666,8,3. Wysoka manipulacja algorytmiczna,5.24
J0jE4-boQKQ,Konopskyy,"PATOSTREAMER GAZUJE LUDZI (ODPOWIADAM NOLIF, ISHOWSPEED, LABRYGA, SZELIGA, MINIMAJK)",2023-08-17T18:16:32Z,991706,50796,1798,4,2. Lekki marketing newsowy,5.12
Y3aLhIO3p8A,Konopskyy,"CLOUT MMA OSZUKAŁO WIDZÓW? (FEST FESTIWAL, KAI CENAT, ANDREW TATE, LEXY, MINIMAJK)",2023-08-06T19:11:09Z,815004,40018,781,8,3. Wysoka manipulacja algorytmiczna,4.91
-5fcpg4WYv0,Konopskyy,"STANOWSKI ZAKOŃCZYŁ ""KARIERE"" JANOSZEK (BARBIE, OPPENHEIMER, UFO USA)",2023-07-29T19:14:13Z,940152,43666,948,6,3. Wysoka manipulacja algorytmiczna,4.64
hOYQkaxB3AE,Konopskyy,"ELON MUSK ZNISZCZYŁ TWITTERA (MURCIX VS MOŁCZANOW, PRIME, FAME, NITRO, CLOUT MMA)",2023-07-25T18:58:14Z,771022,41447,632,6,3. Wysoka manipulacja algorytmiczna,5.38
D03Bs5hxD2E,Konopskyy,"USTAWIONA WALKA NA FAME FRIDAY? (ODPOWIADAM TROMBIE, RAVGOR, NPC TIKTOK, MINIMAJK)",2023-07-22T19:32:36Z,844640,42195,770,5,2. Lekki marketing newsowy,5.0
_gJcf86oDzQ,Konopskyy,"TROMBA CHCE MNIE POBIĆ (TRAGEDIE W POLSCE, GOATS, BUDDA, DENIS)",2023-07-18T18:30:17Z,764475,43140,1080,4,2. Lekki marketing newsowy,5.64
LfZZe_zkHYM,Konopskyy,"SZELIGA WSZYSTKICH OKŁAMAŁ (LEXY, DZIECI NA CLOUT MMA, AFERA INPOSTOWA, PASKUDNA YOUTUBERKA)",2023-07-16T13:33:25Z,762300,38272,902,7,3. Wysoka manipulacja algorytmiczna,5.02
GJIUTN_zjQg,Konopskyy,"ELON MUSK POZYWA ZUCKERBEGA? (CLOUT MMA, LEXY, SCAM NA MRBEAST, HANIA GENZIE, NIKITA)",2023-07-07T20:30:55Z,678416,40515,973,5,2. Lekki marketing newsowy,5.97
MwAP6LYFQok,Konopskyy,"BUDDA ROZDAŁ WIDZOM 1,000,000 ZŁ (AFERA LODOWA OPENER, POZEW HIGHLEAGUE, LEWANDOWSKI, IGA ŚWIĄTEK)",2023-07-05T12:25:33Z,621263,34567,515,8,3. Wysoka manipulacja algorytmiczna,5.56
j88o6Y5gYIs,Konopskyy,"TOKSYCZNY ZWIĄZEK FAGATY (KONTROWERSJE WOKÓŁ DZIECKA FRIZA, AWANTURA NA POGRZEBIE MAJORA, WERSOW)",2023-06-28T18:50:00Z,1105185,47541,1377,6,3. Wysoka manipulacja algorytmiczna,4.3
XzxeON0hz84,Konopskyy,"PRZERAŻAJACE ZAGINIĘCIE STATKU TITAN (CLOUT, PIESZKO, TEAM X, ELON MUSK, MAJOR)",2023-06-25T19:46:27Z,697650,42713,989,4,2. Lekki marketing newsowy,6.12
ESRngwHb-ko,Konopskyy,"TRAGICZNA PRAWDA O MAJORZE SUCHODOLSKIM (AFERA CZECZEŃSKA CLOUT MMA, KLON MRBEAST, APPLE, MOŁCZANOW)",2023-06-22T17:37:47Z,1085451,53160,1458,7,3. Wysoka manipulacja algorytmiczna,4.9
NvQHinDuJMg,Konopskyy,"BOXDEL POGRĄŻA NIKITE? (LEXY, BUDDA, REZI WŁAMANIE, AMADEUSZ FERRARI, CLOUT MMA, GENZIE, POLA)",2023-06-15T18:46:15Z,950916,43545,1295,7,3. Wysoka manipulacja algorytmiczna,4.58
AKRJwJ-kZjY,Konopskyy,"SZKODLIWE POGLĄDY GIMPERA? (LEXY FEDERACJA, BUDDA, FAGATA, STANOWSKI, WARDEGA, FERRARI, REVO)",2023-06-10T11:00:53Z,941212,40615,609,5,2. Lekki marketing newsowy,4.32
BA0xDFBGS2c,Konopskyy,"BUDDA OSTRO O KOPIACH LOTERII, ROZSTANIU Z ILLEGALEM I FAME GTR🔥 NA CZASIE #2",2023-06-03T18:37:03Z,588440,14402,360,2,1. Rzetelny / Neutralny,2.45
Mv9XVXPjNOc,Konopskyy,"CHORE UNIWERSUM MAGICALA I NIKITY (AMADEUSZ FERRARI, DRAMA O ROZSTANIE)",2023-05-28T18:59:26Z,1294741,55873,1517,4,2. Lekki marketing newsowy,4.32
s7z8PzaR3kg,Konopskyy,"KONTROWERSYJNE WYZNANIE GIMPERA (MRBEAST, SZPAKU WYROK, WOJEWÓDZKI, TIKTOK BAN, NITRO, MURAŃSKI)",2023-05-26T16:05:02Z,672723,36788,760,4,2. Lekki marketing newsowy,5.47
p5dKwsUyBUM,Konopskyy,"GIGANTYCZNA AFERA PO FAME 18 (FRIZ, QUEBO, GENZIE, EWROON, KSI, ISHOWSPEED, FERRARI, BLONSKY)",2023-05-21T13:39:46Z,821900,36794,752,7,3. Wysoka manipulacja algorytmiczna,4.48
35_Ka3_N0aU,Konopskyy,"SPINA BUDDY ZE WSPÓLNIKIEM? (LEXY MOCNO O MOŁCZANOW, EWRON, POLA, PLAGIAT EUROWIZJI, JELENIEWSKA)",2023-05-16T18:14:31Z,657998,34294,617,5,2. Lekki marketing newsowy,5.21
pmCjGaNXw4A,Konopskyy,REZI PIERWSZY RAZ O AFERZE Z ROZSTANIEM | NA CZASIE #1,2023-05-07T18:24:23Z,694860,30190,447,2,1. Rzetelny / Neutralny,4.34
8Jtk0zZbTZw,Konopskyy,WYDAŁEM NA TEN PROJEKT 250 000 ZŁ | NA CZASIE,2023-05-05T18:43:25Z,415675,32199,1063,3,2. Lekki marketing newsowy,7.75
f74x6Rpb168,Konopskyy,"GOATS ZAWIODŁO WIDZÓW? (FAKE INFLUENCERKA, MR BEAST ZWOLNIŁ CHRISA?, GONCIARZ)",2023-05-05T18:10:52Z,539265,46385,458,5,2. Lekki marketing newsowy,8.6
Mw6DmmvIwwM,Konopskyy,"ANDREW TATE POWAŻNIE OTRUTY (XAYOO POZEW?, MINIMAJK O ROZSTANIU, AFERA ŻURNALISTY, WIP BROS)",2023-04-30T12:02:26Z,533653,30762,408,8,3. Wysoka manipulacja algorytmiczna,5.76
ZneES_Kplbo,Konopskyy,WYBUCH W PRALNI,2023-04-22T15:15:54Z,2660071,86815,536,2,1. Rzetelny / Neutralny,3.26
K6QgKjiVvYs,Konopskyy,"KONTROWERSJE PROJEKTU GOATS (MALIK UPOKARZA FANA, WARDĘGA, BOXDEL, ELON MUSK, LALUNA, MAJA STAŚKO)",2023-04-14T17:59:16Z,594312,36569,623,6,3. Wysoka manipulacja algorytmiczna,6.15
OHm18PLnnYQ,Konopskyy,"DONALD TRUMP ARESZTOWANY (ANDREW TATE, UPDATE DR SMILE, LALUNA, KSI, MALIK, MR BEAST)",2023-04-05T16:07:33Z,551825,34035,655,6,3. Wysoka manipulacja algorytmiczna,6.17
SUT9gHc7ZvI,Konopskyy,"ANDREW TATE WYPUSZCZONY Z WIĘZIENIA (HASBULLA, MINI MAJK, KICK MRBEAST, WSTRZYMANIE ROZWOJU AI)",2023-04-02T15:25:02Z,547597,35929,667,4,2. Lekki marketing newsowy,6.56
EC_ZBk6OgMA,Konopskyy,"POLSKIE INFLUENCERKI ZNOWU PROMUJĄ SCAM? (WERSOW, COUNTER STRIKE 2, LINUS TECH, CASEY NEISTAT)",2023-03-24T17:36:23Z,526042,32384,808,5,2. Lekki marketing newsowy,6.16
2hQNpAOgwDc,Konopskyy,"GENZIE W OGNIU KRYTYKI (MATA, WERSOW, JÓŹWIAK, JULIA ŻUGAJ, ŻABSON, DENIS, HIGHLEAGUE)",2023-03-22T17:53:43Z,503362,34156,645,4,2. Lekki marketing newsowy,6.79
IfrgSqayJ0s,Konopskyy,"WIELKA KRYTYKA FRIZA I WUJKA LUKIEGO (MALIK CIŚNIE FANÓW, LOGAN PAUL, MRBEAST DRAMA)",2023-03-13T18:52:39Z,609094,38368,551,6,3. Wysoka manipulacja algorytmiczna,6.3
SJErRjTudPs,Konopskyy,"ANDREW TATE UMIERA W WIĘZIENIU? (ELON MUSK, PRIME MMA, NOWE ZASADY YOUTUBE, MR BEAST DRAMA)",2023-03-09T17:54:24Z,594950,41132,638,5,2. Lekki marketing newsowy,6.91
_0Gr8nkvtZc,Konopskyy,"OGROMNE ZAROBKI GENZIE (BAN SANDRY NITRA, WARDĘGA, KAI CENAT, POKIMANE, PIES PODLASIE, MINIMAJK)",2023-03-04T17:07:43Z,708643,42564,1334,6,3. Wysoka manipulacja algorytmiczna,6.01
3n5wn_tGWLw,Konopskyy,"POLSKA STREAMERKA ODWALIŁA SYF... (CEO YOUTUBE REZYGNUJE, SZTUCZNA INTELIGENCJA, ELON MUSK)",2023-02-18T15:30:08Z,536549,40774,1379,4,2. Lekki marketing newsowy,7.6
LQ2iqmIelpg,Konopskyy,"LEXY SKUBIE DZIECIAKI NA KASE? (UFO W USA, ADIN ROSS, ISHOWSPEED MNIE OKRADŁ, LINKIEWICZ I BMW)",2023-02-15T16:01:41Z,605067,41191,563,7,3. Wysoka manipulacja algorytmiczna,6.81
rdi6rmU1BEY,Konopskyy,"KONTROWERSJE Z HOGWARTS LEGACY (MATEUSZ MURAŃSKI, MINIMAJK ROZSTANIE, KONIEC WARDĘGI, CHIŃSKI BALON)",2023-02-09T17:14:16Z,711421,44059,1310,6,3. Wysoka manipulacja algorytmiczna,6.19
mkLQPdMSqQk,Konopskyy,"POTĘŻNA ODKLEJKA FUSIALKI? (MATA NIEWINNY, MAMAGINEKOLOG, TŁUMACZENIA JÓŹWIAKA, NETLIX WPADKA)",2023-02-07T18:49:18Z,786034,47624,867,7,3. Wysoka manipulacja algorytmiczna,6.06
mWdx4cU0zPg,Konopskyy,"OGROMNA DRAMA MRBEAST (BOXDEL ODWALIŁ MANIANE, MORTALCIO I KARTONII, WUJEK ŁUKI)",2023-02-02T15:53:19Z,549785,40104,1010,6,3. Wysoka manipulacja algorytmiczna,7.29
RJrYZ6JxwM8,Konopskyy,"UCZESTNICZKA T5M2 OSTRO O PROGRAMIE (BLONSKY, LOGAN PAUL POZWANY, MRPOLSKA, ANDREW TATE)",2023-01-24T15:40:13Z,645758,39928,760,4,2. Lekki marketing newsowy,6.18
UigxsDAO5fI,Konopskyy,"MATA ZAATKOWAŁ BEDOESA! (FRIZ O DRAMACH, FAGATA ZŁAMAŁA ZAKAZ UOKIK, ANDREW TATE, BUDDA)",2023-01-17T16:41:51Z,557621,47325,814,6,3. Wysoka manipulacja algorytmiczna,8.49
bVAfkG1MKkw,Konopskyy,"GARGAMEL ZAPOWIEDZIAŁ POWRÓT! (BUDDA I WK DZIK ZAROBKI, SHAKIRA, MSZE ROBLOX, LEOSIA WYRZUCONA!)",2023-01-15T15:00:28Z,467308,34047,472,5,2. Lekki marketing newsowy,7.29
51ioAsRAG_g,Konopskyy,"ANDREW TATE SKAZANY? (DANA WHITE, LOGAN PAUL, WARDĘGA, KANYE WEST, SKANDAL TVP)",2023-01-04T16:25:27Z,492764,35457,739,10,4. Skrajny clickbait sensacyjny,7.2
UpKkB9xSwro,Konopskyy,"ANDREW TATE ARESZTOWANY (TRANS TV ZAATAKOWANE, PELE, LENSA SZKODLIWA?, ALLEGRO KARA, FRIZ)",2022-12-30T16:26:01Z,567120,43900,776,5,2. Lekki marketing newsowy,7.74
uGXomVHQP8Q,Konopskyy,"CO Z POZWEM OD LEKSIA? (ZAKŁAD I DRAMA Z WARDĘGA, ZAROBKI, XAYOO) QnA!",2022-12-08T14:31:09Z,401369,41700,838,5,2. Lekki marketing newsowy,10.39
sMEJ4ICEYbw,Konopskyy,"NITRO PERMANENTNIE ZBANOWANY Z YOUTUBE! (MORAWIECKI, ROZDZIAŁ 4 FORTNITE, NIE WIEM ALE SIE DOWIEM)",2022-12-07T14:30:14Z,443531,34823,1403,7,3. Wysoka manipulacja algorytmiczna,7.85
5yIwil3-1ig,Konopskyy,"ISHOWSPEED ZAWIÓDŁ WIDZÓW (TWITTER ZNISZCZONY?, WYPADEK PORSCHE, ELON MUSK)",2022-11-19T15:00:55Z,453058,30266,513,5,2. Lekki marketing newsowy,6.68
vyBdtH4ZGTI,Konopskyy,"BOXDEL ZŁOMUJE DON KASJO (KERFUŚ, TROMBA, MOŁCZANOW DRAMA, NOWA FURA FRIZA, TECHNOBLADE)",2022-10-20T16:00:09Z,466867,40023,647,7,3. Wysoka manipulacja algorytmiczna,8.57
FyOvQXpEwX0,Konopskyy,"TRAGICZNA PRAWDA O STREAMERCE (AMOURANTH, CASINO STAR TO PRZEKRĘT?, DREAM ZARZUTY)",2022-10-19T16:11:05Z,416591,35579,543,8,3. Wysoka manipulacja algorytmiczna,8.54
0BOf4Do9PY0,Konopskyy,"FRIZ OFICJALNE OŚWIADCZENIE DO DRAMY (NOVCIAX, TROMBA, ELON MUSK, KANYE WEST, MRBEAST, QUEBONAFIDE)",2022-10-05T15:45:08Z,419473,34688,548,4,2. Lekki marketing newsowy,8.27
rOJ6WMQO91M,Konopskyy,"OBLEŚNY FAKE NEWS Z KROSNA (WYCIEK GTA 6, DREAMA ODKLEIŁO, WADA NOWYCH IPHONEÓW )",2022-09-20T16:39:24Z,654400,58006,2123,9,3. Wysoka manipulacja algorytmiczna,8.86
wKBb4hGKdCU,Konopskyy,"PRZYPAŁOWA WPADKA WARDĘGI (ANDREW TATE, MATA, SPINY HIGH LEAGUE 4, REZI, FERRARI NOKAUT)",2022-09-17T13:52:18Z,550252,53541,795,4,2. Lekki marketing newsowy,9.73
c-dwCFoTD9s,Konopskyy,"TROMBE ODKLEIŁO? (MULTI OKRADZIONY, DŁUGI PO FAME MMA UK, KURSKI WYRZUCONY Z TVP, MRBEAST)",2022-09-08T16:17:08Z,500553,50604,728,7,3. Wysoka manipulacja algorytmiczna,10.11
1X63GaW7K74,Konopskyy,"PRZEGRAŁEM WALKE (FAME 15, XAYOO VS KONOPSKYY)",2022-09-02T17:36:58Z,323339,26178,920,9,3. Wysoka manipulacja algorytmiczna,8.1
FYiNsRxhR_s,Konopskyy,"BRUTALNY KONIEC ANDREW TATE? (WPADKA TVP, WŚCIEKŁY ROBERT KARAŚ, FAME MMA 15, LEWANDOWSKI)",2022-08-26T13:03:21Z,455273,37612,1232,9,3. Wysoka manipulacja algorytmiczna,8.26
TeifhSflGdU,Konopskyy,"MATA I RAPERZY ZATRUCI (FRIZ STEGNA, ISHOWSPEED ARESZTOWANY, BOXDEL VS PALUCH, NITRO MURAŃSCY)",2022-08-09T14:50:32Z,435090,45960,681,6,3. Wysoka manipulacja algorytmiczna,10.56
xG9P1VO5Qw4,Konopskyy,"KONTROWERSYJNA PRZESZŁOŚĆ MARCYSI? (SPINA W EKIPIE, WERSOW, MRBEAST,  ELON MUSK, FAME CAGE MURAŃSKI)",2022-07-30T18:05:23Z,536327,64168,709,6,3. Wysoka manipulacja algorytmiczna,11.96
joj77h-SZqw,Konopskyy,"FRIZ OSTRO O WARDĘDZE (PINK MMA, MATA, ELON MUSK, FAME 15, JAPCZAN, NOLIF, LEWANDOWSKI W BARCELONA)",2022-07-18T15:34:58Z,507030,45759,1491,4,2. Lekki marketing newsowy,9.02
WyYYkrazuno,Konopskyy,CAŁA PRAWDA O WARDĘDZE,2022-07-14T10:45:53Z,777026,50188,8070,5,2. Lekki marketing newsowy,6.46
jki0a5ngJX0,Konopskyy,"MINIMAJK ODWALIŁ MANIANE (WŁAM DO DOMU X, STUU ŻYJE, NITRO SENTINO POGODZENI, ELON MUSK, MATA, GBS)",2022-06-09T18:42:22Z,561173,44432,948,4,2. Lekki marketing newsowy,7.92
PCdCz3Nd2Vs,Konopskyy,"ODPOWIADAM REVO (JOHNNY DEPP WYGRYWA, NIEUCZCIWY CZARO I PATI MOŁACZNOW, WARDĘGA, NATSU PŁACZE)",2022-06-03T15:33:06Z,527219,42989,1735,6,3. Wysoka manipulacja algorytmiczna,8.15
1Rr9SuEHRWc,Konopskyy,SZERYF POLSKIEGO YOUTUBA (WARDĘGA),2022-05-27T15:34:07Z,1108840,63444,7860,4,2. Lekki marketing newsowy,5.72
T-t9rxKqIy8,Konopskyy,"DRAMA FAGATY SIE ROZKRĘCA (NITRO PŁACZ, XAYOO, FAME MMA 14, WERSOW, FAKE ELON MUSK, REZI)",2022-05-16T13:30:29Z,488836,93329,918,6,3. Wysoka manipulacja algorytmiczna,19.09
Wg2PwDqx7Hw,Konopskyy,"FAŁSZYWE OBLICZE FAGATY... (LALUNA, ELON MUSK ZASTRASZANY, QUEBO VS SENTINO, KSI, KOCIOŁEK, NITRO)",2022-05-11T13:01:00Z,533993,84010,875,6,3. Wysoka manipulacja algorytmiczna,15.73
pCIgV7LJJP4,Konopskyy,"TEAM X 3 TO NUDY (FERRARI MOCNE DOWODY, GALA MMA NIELETNICH, WPADKA KANAŁU SPORTOWEGO, PAUL, TYSON)",2022-04-28T16:56:04Z,434477,48451,758,9,3. Wysoka manipulacja algorytmiczna,11.15
HIFiiYEM708,Konopskyy,"KUBAŃCZYK ZAATAKOWAŁ MULTIEGO  (GIMPER DOSTAŁ WODĄ, ELON MUSK TWITTER, REZI SMUTNA WIADOMOŚĆ, BUDDA)",2022-04-26T15:40:06Z,430636,47166,954,4,2. Lekki marketing newsowy,10.95
Ri7qmXEhs04,Konopskyy,"KŁAMSTWA AMADEUSZA FERRARI?! (CIENKA PIOSENKA MATY I LEOSI, SANAH W OGNIU, CRISTIANO RONALDO, DREAM)",2022-04-21T14:30:33Z,519721,54747,1232,8,3. Wysoka manipulacja algorytmiczna,10.53
fQKDtZlNZUw,Konopskyy,"WARDĘGA SIE POGRĄŻA (GIMPER, ISHOWSPEED PRZESADZIŁ, USUNĘLI MI INSTAGRAM, TOKEN FAME KRYTYKOWANY)",2022-04-11T15:31:40Z,557547,42989,2684,4,2. Lekki marketing newsowy,7.71
bCmw3eM6ZbM,Konopskyy,TO WARDĘGA CHCE MNIE ZNISZCZYĆ,2022-03-24T18:00:16Z,655190,60311,6348,2,1. Rzetelny / Neutralny,9.21
___r6_FflqM,Konopskyy,"PŁACZ ROSYJSKICH INFLUENCERÓW (ELON MUSK I MRBEAST, KOSZTOWNY FINAŁ EKIPY,  GTA 6, DOBRIK POZWANY)",2022-03-14T17:30:19Z,523762,78015,1259,6,3. Wysoka manipulacja algorytmiczna,14.9
L9eTNBmd7CA,Konopskyy,"ANALIZA AFERKI LODOWEJ (BITKA ŻABSONA, EKIPA 4 SEZON, PUTIN ŚLEDZONY, ELON MUSK ZŁY, LOGAN PAUL)",2022-03-07T15:45:50Z,535107,103617,991,7,3. Wysoka manipulacja algorytmiczna,19.36
FnkR8biV4Po,Konopskyy,"NOWE DOWODY Z BUDOWY (BEDOES, DAVID DOBRIK, HASBULLA UFC, TVP I GAMEPLAY, MR BEAST, DZIWNA ZBIÓRKA)",2022-02-27T14:31:39Z,458428,40209,824,7,3. Wysoka manipulacja algorytmiczna,8.77
gS0u5D9KP9A,Konopskyy,"YOUTUBERKA OLEWAŁA CHORĄ WIDZKĘ (PIOSNKA FRIZA, MATA, CEEDAY, PAULO SOUSA, SMAV I TBH, KSI)",2021-12-31T18:09:42Z,654656,73175,1295,6,3. Wysoka manipulacja algorytmiczna,11.18
st64zQO5uRE,Konopskyy,"QUEBONAFIDE NA WIGILII (PRAWDA O LUDWICZKU, TECHNOBLADE, BUDDA, M4K OSKUBANE, NEXE, BEDOES)",2021-12-27T14:57:58Z,605465,67680,1186,7,3. Wysoka manipulacja algorytmiczna,11.18
JVVZoHTrKpA,Konopskyy,"BUDDA MOCNO OSKUBANY (DUBIEL I PRAWDA O TIKTOKERZE, GIMPER POLECIŁ SŁABĄ KLINIKE, STACHU JONES)",2021-12-13T19:01:11Z,604132,130464,1419,7,3. Wysoka manipulacja algorytmiczna,21.6
FNRYv17BAS0,Konopskyy,"GARGAMEL MA PROBLEMY (GRA EKIPY, KORPORACJA NISZCZY YOUTUBERA, DANNY DUNCAN UPDATE, DREAM, FAGATA)",2021-12-11T18:09:14Z,603232,78096,1071,4,2. Lekki marketing newsowy,12.95
AVX1oPEsBVY,Konopskyy,"""WYCIEK"" ZDJĘC WERSOW (TEAM X I WARDĘGA, NOWY CZŁONEK GENZIE, PROBLEMY DODY, ROSYJSKI YTBER POWRÓT)",2021-12-03T19:26:11Z,611618,105361,977,8,3. Wysoka manipulacja algorytmiczna,17.23
1yUjlnbM1w4,Konopskyy,"MATA WYJAŚNIA AFERY (RZĄDOWE KARY DLA INFLU, OLIWKA BRAZIL, FRIZ I WYDATKI, WARDĘGA, MR BEAST DRAMA)",2021-11-30T16:30:21Z,609442,92319,1156,7,3. Wysoka manipulacja algorytmiczna,15.15
JuoGn6C53s4,Konopskyy,"MRBEAST USTANOWIŁ HISTORIE (ROBLOX POZYWA YTBERA, DUBIEL PRZEPRASZA, GENZIE CIEKAWOSTKA, SKYEN)",2021-11-25T18:57:02Z,549773,69670,950,4,2. Lekki marketing newsowy,12.67
yFQ4lqhAcfw,Konopskyy,"NOWE GTA JEST SŁABE (WYCIEK SQUID GAME, DUBIEL VS BLONSKY, GENZIE, WRZOSEK, POLACY WYGRALI 3MLN)",2021-11-23T19:44:35Z,500616,72833,1258,9,3. Wysoka manipulacja algorytmiczna,14.55
U4p_gDgEClc,Konopskyy,"NIE INWESTUJ W KRYPTO INFLUENCERÓW (MATA I ""PLAGIAT"", AMADEUSZ FERRARI, XBOX I GUCCI, DRAKE I KANYE)",2021-11-19T13:17:50Z,514897,55624,1253,4,2. Lekki marketing newsowy,10.8
ZXEi6JFDhL0,Konopskyy,"NIEPOKOJĄCY POWRÓT SKYENA... (KONCERT TRAVISA SCOTTA, SHEO I ŻUGAJ, CRAB GAME, QUEENOFTHEBLACK)",2021-11-07T14:54:44Z,621490,59972,1062,4,2. Lekki marketing newsowy,9.65
DbnxQJYnV1M,Konopskyy,"NOLIF I MOCNA ZMIANA (QUEENOFTHEBLACK, LOGAN PAUL WYJAŚNIA, FRIZ I STŁUCZKA, MR BEAST I TEAMSEAS)",2021-10-31T12:47:05Z,733548,86434,2783,6,3. Wysoka manipulacja algorytmiczna,11.78
bgOmorfqKyg,Konopskyy,"EKIPA PRZEPRASZA KALUCHA (WIZERUNEK ISAMU, DREAM AFERA, CHUDE BYKI UPDATE, ILE ZAROBIŁO SQUID GAME)",2021-10-27T18:00:54Z,522600,62428,849,7,3. Wysoka manipulacja algorytmiczna,11.95
DrazSnSPH-4,Konopskyy,"INFLUENCERZY I SPOSOBY NA ""ZARABIANIE"".... (KAMERZYSTA, DUBIEL, MATA, AMADEUSZ FERRARI, MALCZYŃSCY)",2021-10-12T13:48:40Z,643763,63964,1649,4,2. Lekki marketing newsowy,9.94
0lmhQF8n68U,Konopskyy,"XAYOO MOCNO WYJAŚNIA GIMPERA (SQUID GAME, WYCIEK ZAROBKÓW STREAMERÓW, WPADKA Z NAPOJAMI EKIPY)",2021-10-08T18:16:11Z,596740,55951,1134,7,3. Wysoka manipulacja algorytmiczna,9.38
FGrXNoErgNU,Konopskyy,"KACPER BŁOŃSKY I POPCHANIE DZIECIAKA (""INFLUENCERKA"" MI ODPOWIADA, AFERA Z SALONEM, BOXDEL)",2021-10-02T15:11:02Z,580934,80975,1038,9,3. Wysoka manipulacja algorytmiczna,13.94
Iq6naSBecNw,Konopskyy,"DUBIEL KONTRA ""INFLUENCERKA"" (TECHNOBLADE, WERSOW, FRIZ, JAKE PAUL, QUEBONAFIDE)",2021-09-29T16:27:30Z,564475,75380,948,6,3. Wysoka manipulacja algorytmiczna,13.35
hE4OFMs7KaQ,Konopskyy,"POCZCIWY KRZYCHU ODPOWIADA NA AFERE (JULIA ŻUGAJ PŁACZE, BEDOES, SOBEL UPDATE, BALENCIAGA, FORTNITE)",2021-09-21T18:58:02Z,622932,121038,1420,6,3. Wysoka manipulacja algorytmiczna,19.43
ADN9qk7zuTM,Konopskyy,"SOBEL ZNOWU PRZESADZIŁ… (NITRO, FRIZ, WERSOW, KANAŁ SPORTOWY, RYANAIR I WÓZEK YTBERA, 25K$ ZA BRWI)",2021-09-17T17:38:36Z,662212,125425,1366,4,2. Lekki marketing newsowy,18.94
Dp_GO99cRo8,Konopskyy,"WIELKI TEST INFLUENCERSKICH SCAMÓW (SMILE SECRET, ZAŚNIK, FITAYLA, ŚWIECE DO USZU)",2021-09-01T13:17:40Z,905080,73792,2557,6,3. Wysoka manipulacja algorytmiczna,8.15
16B6y8SSxuY,Konopskyy,"LOGAN PAUL I DZIWNY PROJEKT (DOKUMNETY EKIPY, KRYPOPUNKI, MESSI, TAJNE INFO O WERSOW, KOSMETOLOG)",2021-08-06T18:12:40Z,566671,51695,1439,7,3. Wysoka manipulacja algorytmiczna,9.12
v6sBrmSSjPo,Konopskyy,"REZI PO RAZ PIERWSZY O DRAMIE ZE STUU (LEXY, NARUCIAK, YOUTUBE 2021)",2021-07-11T13:45:23Z,499589,53286,1165,5,2. Lekki marketing newsowy,10.67
NR93yg4xX-0,Konopskyy,KUPIŁEM SAMOCHÓD MARZEŃ I SPOTKAŁEM IDOLA (SPECIAL 500K),2021-07-07T12:30:12Z,483406,55139,2742,4,2. Lekki marketing newsowy,11.41
iQT0Vi5cwrA,Konopskyy,"OSZUKALI WIDZÓW NA SETKI TYSIĘCY (FERRARI DLA WIDZA, SKĄPY TIKTOKER, DAVID DOBRIK, KSI, ANOMALY)",2021-06-30T17:45:20Z,464033,48465,1566,7,3. Wysoka manipulacja algorytmiczna,10.44
S4m1S2JM3j8,Konopskyy,"ASMR JEST NIEPOKOJĄCE (EKIPA VS YTBERZY, NITRO i 10,000 ZŁ, ORGANIZATORZY ZBANKRUTOWALI, DAILY DOSE)",2021-06-26T18:42:09Z,578914,80580,1470,9,3. Wysoka manipulacja algorytmiczna,13.92
X2l_qcQrogc,Konopskyy,"MR BEAST OSĄDZONY O KOPIOWANIE (BILLIE EILISH, STUU UPDATE, MUSTANG DISA ROZWALONY)",2021-06-22T18:33:07Z,550002,110646,2483,4,2. Lekki marketing newsowy,20.12
psD7kgx_kxA,Konopskyy,"PROJEKT STUU JEST DZIWNY (MR BEAST, ADIN, 2020 VISION UPDATE, DREAM)",2021-06-21T17:45:39Z,514350,107696,2114,5,2. Lekki marketing newsowy,20.94
mvtRD_hvmxg,Konopskyy,"UPADEK WŁAŚCICIELA MINECRAFTA (NOTCH, KSI, DEJI, ASMR, NINJA, TWÓRCY AMONG US ""WYPALENI"")",2021-06-20T17:45:39Z,685931,92178,1760,6,3. Wysoka manipulacja algorytmiczna,13.44
YkXqpd5n9vs,Konopskyy,"DREAM ODPOWIEDZIAŁ NA ""WYCIEK"" (DAVID DOBRIK, RONALDO I COLA, YOUTUBERZY ZDOMINOWALI TIKTOKERÓW)",2021-06-17T18:38:23Z,508093,51454,1621,7,3. Wysoka manipulacja algorytmiczna,10.13
EbyL3l1wsRY,Konopskyy,"TWARZ DREAMA WYCIEKŁA DO INTERNETU (TROMBA, JAKE I LOGAN PAUL, MAYWEATHER, EURO 2020, SCAM POKEMONY)",2021-06-13T17:08:10Z,562917,55028,2966,8,3. Wysoka manipulacja algorytmiczna,9.78
IhSCAkxY4fg,Konopskyy,"LOGAN PAUL USTANOWIŁ HISTORIE (KŁOPOTY TIKTOKERKI, FLOYD MAYWEATHER, FRIZ, JAKE PAUL, BNT, AMONG US)",2021-06-07T17:34:16Z,537251,57521,1864,4,2. Lekki marketing newsowy,10.71
esFRx22bF-Y,Konopskyy,"DREAM USUNĄŁ WYJAŚNIENIA (FRIZ I ŁAWKA, MCNUGGET AMONG US 100K$, CUSTOM SZKOŁY ZHC, LOGAN I FLOYD)",2021-06-04T16:19:15Z,486113,49855,1653,4,2. Lekki marketing newsowy,10.26
uphku_-4dTQ,Konopskyy,"NIE WYSYŁAJ DONATE PRZEZ TĘ STRONĘ... (NITRO FARCIARZ, MALIK KONTRA INPOST, TIKTOKERKA ZHAKOWANA)",2021-05-24T15:12:51Z,582280,60597,2743,6,3. Wysoka manipulacja algorytmiczna,10.41
EH5Km5PVu4E,Konopskyy,"INFLUENCERKA MOCNO PRZESADZIŁA (FRIZ I YOUTUBERZY, IZAK, LOGAN PAUL, 6IX9INE, BASENOWE STREAMERKI)",2021-05-21T17:47:37Z,560932,52539,1841,4,2. Lekki marketing newsowy,9.37
YILrPIvTeSU,Konopskyy,"DZIECIAK OSCAMOWANY NA LODY EKIPY (DON KASJO, MARCIN DUBIEL, FAME MMA, SHORTS, NARUCIAK, LOGAN PAUL)",2021-05-13T17:59:19Z,518159,58052,2317,4,2. Lekki marketing newsowy,11.2
kGvcssuSf4c,Konopskyy,"POLSKIE INFLUENCERKI SĄ FAJNE (NAJMAN, EKIPA W TARAPATACH, LIL MASTI VS WIDZKI, POWRÓT ZEGARKÓW)",2021-05-10T16:55:02Z,500826,60732,2074,6,3. Wysoka manipulacja algorytmiczna,12.13
dnn1JlUhTKU,Konopskyy,"FRIZ KONTRA STRONA CHMIELARKA (LEXY ODPOWIADA, TEAM X PRZEPRASZA, NOWE BOTY NA YOUTUBE)",2021-05-05T17:42:48Z,652995,66809,3056,6,3. Wysoka manipulacja algorytmiczna,10.23
MjMr9i1N1YA,Konopskyy,"POLSKIE INFLUENCERKI SZKODZĄ SWOIM WIDZOM... (WERSOW, NATSU, KOSTERA, OLA NOWAK, MATA, ROXMB)",2021-04-07T18:16:18Z,751726,71639,4235,4,2. Lekki marketing newsowy,9.53
8yhAv0XW30U,Konopskyy,"MATA KONTRA TVP! (YOUTUBE USUWA DISLIKE, WYPADAJĄCE OKO, ILE ZAROBIŁA ""3KIPA"")",2021-04-02T16:45:17Z,621070,71735,1803,7,3. Wysoka manipulacja algorytmiczna,11.55
JuLGT3BDoys,Konopskyy,"NOWE BOTY NA YOUTUBIE... (NEXE, DREAM, UPDATE DO TYPA Z PIESKIEM, KRAB OŻYŁ)",2021-03-27T18:30:35Z,516382,55734,2634,4,2. Lekki marketing newsowy,10.79
x118YQiSonk,Konopskyy,"MATKA WŚCIEKŁA NA DZIECIAKA (DAVID DOBRIK, TFUE, NOWA TOPKA TWITCHA, MR BEAST, FERRARI UPDATE)",2021-03-22T16:00:02Z,633213,59952,2059,7,3. Wysoka manipulacja algorytmiczna,9.47
qaGl3oGv56A,Konopskyy,"FRIZ STRACIŁ 150.000 PLN NA POKEMONACH (LOGAN PAUL, WARDĘGA, LIL MASTI, DREAM, BOXDEL)",2021-03-02T16:15:06Z,499648,52022,2635,8,3. Wysoka manipulacja algorytmiczna,10.41
ErnxNQamXS8,Konopskyy,"KANAŁ KTÓRY ""PRZEWIDZIAŁ"" 2020  (DREAM, ZONY, ARQUEL, TWITCH, MINECRAFT)",2021-02-25T16:00:38Z,451155,55388,1603,5,2. Lekki marketing newsowy,12.28
y9G16iVxchE,Konopskyy,"EPIC GAMES PRZESADZIŁO... (MR BEAST, CD PROJEKT W TARAPATACH, ELON MUSK, FORTNITE)",2021-02-13T16:30:03Z,399342,54311,2185,4,2. Lekki marketing newsowy,13.6
mkpcmQxfGOA,Konopskyy,"YOUTUBER ROZWALIŁ PORSCHE ZA 1.000.000 PLN (DAVID DOBRIK, CD PROJEKT ZHAKOWANE, TIKTOK, MEDIA)",2021-02-10T17:15:04Z,371534,42967,2010,4,2. Lekki marketing newsowy,11.56
NaQBiOs3wCc,Konopskyy,"YOUTUBER STRACIŁ 2.000.000$ NA POKEMONY... (MINI MAJK, EKIPA, LOGAN PAUL, JUSTIN BIEBER)",2021-02-04T17:21:10Z,431457,72584,2162,6,3. Wysoka manipulacja algorytmiczna,16.82
xyXdjVZWUGA,Konopskyy,"AMONG US UMIERA! (NITRO, SZPAKU, MR BEAST I KOSMOS, DREAM, MINECRAFT)",2021-01-27T17:45:00Z,424503,77405,4671,5,2. Lekki marketing newsowy,18.23
-Blt7NoLdVQ,Konopskyy,"YOUTUBER NACHODZONY PRZEZ WIDZÓW (MR BEAST, DJ PALLASIDE, 300K$ DLA TATY)",2021-01-24T16:29:54Z,573391,74744,3248,4,2. Lekki marketing newsowy,13.04
2dcOP1AowUQ,Konopskyy,"FRIZ KONTRA ZARZUTY O KURS YOUTUBERA (EKIPA, NARUCIAK, DOM ZA 8 MLN, PŁACZ STREAMERA I WIĘCEJ)",2021-01-18T17:45:01Z,584449,119024,4558,6,3. Wysoka manipulacja algorytmiczna,20.37
ZeGRCQl5ki8,Konopskyy,"PODSUMOWANIE NAJWIĘKSZEJ DRAMY NA POLSKIM TWITCHU! (ZONY, STREAMER PŁACZE, BOXDEL)",2021-01-17T17:00:41Z,521313,99209,3087,7,3. Wysoka manipulacja algorytmiczna,19.03
YK2CLzA1MGI,Konopskyy,YOUTUBER SPALIŁ SAMOCHÓD ZA 1.000.000 PLN!,2020-10-27T16:05:00Z,524269,50612,2121,3,2. Lekki marketing newsowy,9.65
Zuf2lz5k0Y0,Konopskyy,DZIECIAK WYSŁAŁ 1000$ DONATE I DOSTAŁ BANA!,2020-07-26T15:44:59Z,547027,52159,1902,4,2. Lekki marketing newsowy,9.53
NU9Ovuk0WZQ,Konopskyy,TROLLUJE GRACZY KAMPIĄC SIĘ W ZAMKNIĘTYM SEJFIE!,2020-06-01T15:35:20Z,329836,37607,1081,3,2. Lekki marketing newsowy,11.4
QCX4DQaF8KY,Konopskyy,DRAW MY LIFE! | 300K SPECJAL,2020-05-25T15:05:09Z,1410295,76764,4950,3,2. Lekki marketing newsowy,5.44
UxKsVzK71kQ,Konopskyy,LEKCJE ONLINE TO JAKIŚ ŻART,2020-03-27T15:15:18Z,959152,75910,3626,2,1. Rzetelny / Neutralny,7.91
V-zlzlzELdc,Konopskyy,TIKTOKER NISZCZY KANALIZACJE MILIONEM KOLOROWYCH KULEK,2020-03-08T10:45:21Z,724463,51288,2761,2,1. Rzetelny / Neutralny,7.08
aO4Iz0CGHE4,Konopskyy,SKIN NINJY W FORTNITE! STREAMERKA PRZEPRASZA WIDZÓW ZA... | KONOP NEWS,2020-01-17T15:46:42Z,381956,23917,1401,3,2. Lekki marketing newsowy,6.26
N1YBJcjMQqc,Konopskyy,PIJANY NINJA ZDRADZA SEKRET! 😱 STREAMSNIPER ZBANOWANY NA ŻYWO! | KONOP NEWS + FALA CHEATERÓW,2019-04-18T14:52:45Z,544291,29009,1819,5,2. Lekki marketing newsowy,5.33
b2IHXAKiSfQ,Konopskyy,STO TYSIĘCY SUBSKRYPCJI SPECIAL! 😜 | KONOPSKYY,2019-03-09T12:45:44Z,250794,16877,2468,3,2. Lekki marketing newsowy,6.73
jBBKvc1im6I,Konopskyy,BACKPACK KID POZYWA FORTNITE 😱 - ANALIZA SYTUACJI 🔎,2018-12-29T09:45:03Z,545209,21529,5094,2,1. Rzetelny / Neutralny,3.95
PrzNtNAnEis,Konopskyy,5 GRACZY ZBANOWANYCH PRZEZ NINJE,2018-12-15T09:45:02Z,1019516,27405,4422,4,2. Lekki marketing newsowy,2.69
nRE9rmxPXLc,Konopskyy,5 NAJWIĘKSZYCH SCAMMÓW W FORTNITE RATOWANIE ŚWIATA 6 ! 🤣,2018-10-27T07:44:01Z,590218,13929,4047,3,2. Lekki marketing newsowy,2.36
lIxT_IuutlU,Konopskyy,🤬 TOP 5 NAJWIĘKSZYCH SCAMÓW W FORTNITE RATOWANIE ŚWIATA 2 😎,2018-08-30T07:29:04Z,725890,17708,1835,3,2. Lekki marketing newsowy,2.44
vYWEfvv4IeI,Konopskyy,TOP 5 NAJWIĘKSZYCH SCAMÓW W FORTNITE RATOWANIE ŚWIATA 🤑,2018-08-24T13:01:56Z,1402088,39343,2002,3,2. Lekki marketing newsowy,2.81
A-ITi6LZXn8,Konopskyy,"MISJA Z TYGODNIA 6 - ""Szukaj między metalowym mostem, trzema bilbordami i rozbitym autobusem.""",2018-03-29T13:33:44Z,157685,5956,1145,2,1. Rzetelny / Neutralny,3.78
